epoch,train_loss,test_loss,train_f1_score,train_auroc,test_f1_score,test_auroc
1,0.2801111340522766,0.3244696855545044,0.6949560082188625,0.9293803465065797,0.7390728175825139,0.9269291726730865
2,0.2109609842300415,0.1829945594072342,0.7795005816110857,0.9595819874200637,0.7716551598274735,0.936978694749098
3,0.14863194525241852,0.2591814398765564,0.7929608133271452,0.9622243130010681,0.7718449095994651,0.9373454588957176
4,0.12570032477378845,0.192469522356987,0.8121913183715798,0.9633227829280674,0.8038831004795696,0.9388870480883907
5,0.16149932146072388,0.18157519400119781,0.8256430216736095,0.9638212658376522,0.8019050765495832,0.9385853029982231
